registrationno,sapid,line,reason
"BCS 02141094","70035474",2,not_found
"MSITS07223023","70169558",3,not_found
"Dpt07163007","70160677",4,not_found
"PHMAT01153023","70042017",5,not_found
"PHMAT02211008","70122855",7,not_found
"BSCSR07183004","70155314",8,not_found
"BALLB02173077","70080216",10,not_found
"PHMAT01163081","70085154",12,not_found
"MSEES01181002","70103079",13,not_found
"Dpt01133216","70030918",14,not_found
"BSME01143030","70034999",15,not_found
"BDS01200075","70123679",16,not_found
"BDS01200074","70123689",17,not_found
"BDS01200032","70123688",18,not_found
"BDS01180108","70115134",19,not_found
"BDS01110054","70018995",20,not_found
"BDS01200106","70123767",21,not_found
"BDS01200105","70144677",22,not_found
"BDS01200103","70123674",23,not_found
"BDS01200102","70123637",24,not_found
"BDS01200101","70123826",25,not_found
"BDS01200099","70123710",26,not_found
"BDS01200097","70123719",27,not_found
"BDS01200096","70123723",28,not_found
"BDS01200095","70123652",29,not_found
"BDS01200088","70123672",30,not_found
"BDS01200087","70123706",31,not_found
"BDS01200086","70123810",32,not_found
"BDS01200085","70123686",33,not_found
"BDS01200082","70123816",34,not_found
"BDS01200080","70123780",35,not_found
"BDS01200079","70123659",36,not_found
"BDS01200077","70123678",37,not_found
"BDS01200073","70123649",38,not_found
"BDS01200070","70123713",39,not_found
"BDS01200068","70123667",40,not_found
"BDS01200066","70123724",41,not_found
"BDS01200065","70123827",42,not_found
"BDS01200063","70123684",43,not_found
"BDS01200061","70123805",44,not_found
"BDS01200060","70123779",45,not_found
"BDS01200059","70123812",46,not_found
"BDS01200058","70123708",47,not_found
"BDS01200057","70123657",48,not_found
"BDS01200054","70123636",49,not_found
"BDS01200052","70123697",50,not_found
"BDS01200049","70123716",51,not_found
"BDS01200048","70123808",52,not_found
"BDS01200046","70123663",53,not_found
"BDS01200043","70123814",54,not_found
"BDS01200040","70123818",55,not_found
"BDS01200039","70123804",56,not_found
"BDS01200033","70123683",57,not_found
"BDS01200031","70123727",58,not_found
"BDS01200030","70123691",59,not_found
"BDS01200029","70123709",60,not_found
"BDS01200028","70123640",61,not_found
"BDS01200027","70123699",62,not_found
"BDS01200024","70123720",63,not_found
"BDS01200023","70123820",64,not_found
"BDS01200022","70123822",65,not_found
"BDS01200021","70123778",66,not_found
"BDS01200020","70123802",67,not_found
"BDS01200019","70123815",68,not_found
"BDS01200018","70123698",69,not_found
"BDS01200017","70123799",70,not_found
"BDS01200016","70123795",71,not_found
"BDS01200015","70123806",72,not_found
"BDS01200014","70123783",73,not_found
"BDS01200012","70123645",74,not_found
"BDS01200009","70123828",75,not_found
"BDS01200008","70123718",76,not_found
"BDS01200006","70123787",77,not_found
"BDS01200004","70123694",78,not_found
"BDS01200001","70123654",79,not_found
"BDS01190154","70123762",80,not_found
"BDS01170069","70114644",81,not_found
"BDS01170072","70115325",82,not_found
"BDS01190091","70123761",135,not_found
"BDS01190064","70123777",143,not_found
"BDS01180140","70115042",151,not_found
"BDS01180034","70114980",153,not_found
"BDS01170001","70114232",154,not_found
"BDS01180085","70114564",155,not_found
"BDS01180016","70115456",156,not_found
"BDS01180084","70115343",157,not_found
"BDS01180079","70115065",158,not_found
"BDS01160057","70114502",159,not_found
"BDS01170046","70115281",160,not_found
"BDS01180146","70114889",161,not_found
"BDS01150027","70041833",162,not_found
"BDS01180032","70115272",163,not_found
"BDS01180013","70113997",164,not_found
"BDS01180070","70114910",165,not_found
"BDS01180077","70115078",166,not_found
"BDS01170020","70115104",167,not_found
"BDS01170055","70114781",168,not_found
"BDS01180135","70114791",169,not_found
"BDS01180064","70114611",170,not_found
"BDS01180139","70115482",171,not_found
"BDS01180145","70114807",172,not_found
"BDS01180049","70114979",173,not_found
"BDS01180050","70115120",174,not_found
"BDS01180053","70115336",175,not_found
"BDS01180136","70114860",176,not_found
"BDS01180124","70115055",177,not_found
"BDS01180051","70115240",178,not_found
"BDS01180025","70115394",179,not_found
"BDS01180052","70114676",180,not_found
"BDS01180102","70115113",181,not_found
"BDS01180121","70115133",182,not_found
"BDS01180114","70115132",183,not_found
"BDS01180131","70115403",184,not_found
"BDS01180111","70114783",185,not_found
"BDS01180122","70115270",186,not_found
"BDS01180091","70115117",188,not_found
"BDS01180057","70114594",189,not_found
"BDS01180155","70115460",190,not_found
"BDS01180038","70114917",191,not_found
"BDS01180134","70115123",192,not_found
"BDS01180037","70115239",193,not_found
"BDS01180143","70115331",194,not_found
"BDS01180148","70115355",195,not_found
"BDS01180054","70115080",196,not_found
"BDS01180151","70115004",197,not_found
"BDS01180138","70114981",198,not_found
"BDS01180002","70114952",199,not_found
"BDS01180156","70115426",200,not_found
"BDS01180130","70115141",201,not_found
"BDS01180104","70115070",202,not_found
"BDS01180099","70114969",203,not_found
"BDS01180132","70115002",204,not_found
"BDS01180100","70114773",205,not_found
"BDS01180113","70115421",206,not_found
"BDS01180027","70114774",207,not_found
"BDS01180123","70114954",208,not_found
"BDS01170038","70115462",209,not_found
"BDS01180006","70115412",210,not_found
"BDS01180076","70115114",211,not_found
"BDS01180152","70115345",212,not_found
"BDS01180160","70114794",213,not_found
"BDS01180040","70114995",214,not_found
"BDS01180159","70115404",215,not_found
"BDS01180157","70115306",216,not_found
"BDS01180008","70113998",217,not_found
"BDS01180074","70115024",218,not_found
"BDS01180158","70115048",219,not_found
"BDS01180026","70115282",220,not_found
"BDS01180036","70115315",221,not_found
"BDS01180045","70115102",222,not_found
"BDS01180117","70114796",223,not_found
"BDS01180090","70114866",224,not_found
"BDS01180088","70114915",225,not_found
"BDS01180150","70114576",226,not_found
"BDS01180129","70115131",227,not_found
"BDS01170045","70114988",228,not_found
"BDS01170068","70114621",229,not_found
"BDS01160005","70114438",230,not_found
"BDS01170077","70114983",231,not_found
"BDS01170060","70114546",232,not_found
"BDS01170030","70114736",233,not_found
"BDS01160011","70114541",234,not_found
"BDS01170081","70115305",235,not_found
"BDS01170078","70115129",236,not_found
"BDS01170063","70115107",237,not_found
"BDS01170051","70115215",238,not_found
"BDS01170050","70114888",239,not_found
"BDS01160059","70114504",240,not_found
"BDS01150018","70038413",241,not_found
"BDS01170044","70115001",242,not_found
"BDS01170054","70115199",243,not_found
"BDS01150056","70042721",244,not_found
"BDS01190174","70123741",245,not_found
"BDS01150077","70040418",246,not_found
"BDS01150010","70043190",247,not_found
"BDS01110019","70028281",248,not_found
"BDS01150072","70043116",249,not_found
"BDS01170021","70115227",250,not_found
"BDS01170048","70115508",251,not_found
"BDS01170058","70115124",252,not_found
"BDS01170070","70115471",253,not_found
"BDS01170042","70114624",255,not_found
"BDS01170035","70115188",256,not_found
"BDS01170036","70115016",257,not_found
"BDS01170084","70114950",259,not_found
"BDS01170065","70115083",260,not_found
"BDS01170009","70115273",261,not_found
"BDS01170080","70115334",262,not_found
"BDS01170034","70115006",263,not_found
"BDS01170016","70114944",264,not_found
"BDS01170018","70115096",265,not_found
"BDS01170022","70115152",266,not_found
"BDS01170039","70115216",267,not_found
"BDS01170003","70115444",268,not_found
"BDS01170032","70114842",269,not_found
"BDS01170067","70115220",270,not_found
"BDS01170075","70115213",271,not_found
"BDS01170040","70114650",272,not_found
"BDS01170015","70114958",273,not_found
"BDS01170004","70114562",274,not_found
"BDS01170061","70114756",275,not_found
"BDS01170066","70115208",276,not_found
"BDS01170033","70115500",277,not_found
"BDS01170074","70115201",278,not_found
"BDS01170052","70115437",279,not_found
"BDS01170076","70115110",280,not_found
"BDS01170071","70115136",281,not_found
"BDS01170056","70115026",282,not_found
"BDS01170083","70115374",283,not_found
"BDS01170064","70115417",284,not_found
"BDS01170037","70115028",285,not_found
"BDS01170019","70114878",286,not_found
"BDS01170011","70115289",287,not_found
"BDS01170006","70115085",288,not_found
"BDS01170007","70114657",289,not_found
"BDS01170041","70114619",290,not_found
"BDS01160081","70114431",291,not_found
"BDS01170047","70114786",292,not_found
"BDS01170057","70114629",294,not_found
"BDS01170043","70114194",295,not_found
"BDS01170014","70114806",296,not_found
"BDS01170029","70114802",297,not_found
"BDS01140078","70034639",298,not_found
"BDS01130067","70028917",299,not_found
"BDS01140009","70034160",300,not_found
"BDS01130011","70027873",301,not_found
"BDS01160080","70114285",302,not_found
"BDS01160029","70114533",303,not_found
"BDS01160076","70114281",304,not_found
"BDS01160053","70114498",305,not_found
"BDS01160023","70114521",306,not_found
"BDS01160019","70114532",307,not_found
"BDS01160008","70114545",308,not_found
"BDS01150031","70040864",309,not_found
"BDS01160036","70114481",310,not_found
"BDS01160009","70114543",311,not_found
"BDS01160021","70114527",312,not_found
"BDS01160024","70114520",313,not_found
"BDS01160045","70114490",314,not_found
"BDS01160039","70114484",315,not_found
"BDS01160078","70114283",316,not_found
"BDS01160066","70114511",317,not_found
"BDS01160060","70114505",318,not_found
"BDS01160050","70114495",319,not_found
"BDS01150049","70042809",320,not_found
"BDS01150005","70040312",321,not_found
"BDS01140073","70033327",322,not_found
"BDS01160031","70114537",323,not_found
"BDS01160069","70114514",324,not_found
"BDS01160065","70114510",325,not_found
"BDS01160046","70114491",326,not_found
"BDS01160026","70114522",327,not_found
"BDS01160013","70114536",328,not_found
"BDS01160044","70114489",329,not_found
"BDS01160048","70114493",330,not_found
"BDS01160003","70114436",331,not_found
"BDS01160049","70114494",332,not_found
"BDS01160072","70114517",333,not_found
"BDS01160051","70114496",334,not_found
"BDS01160014","70114534",335,not_found
"BDS01160042","70114487",336,not_found
"BDS01160082","70114432",337,not_found
"BDS01160043","70114488",338,not_found
"BDS01140020","70036817",339,not_found
"BDS01160040","70114485",340,not_found
"BDS01160058","70114503",341,not_found
"BDS01160030","70114535",342,not_found
"BDS01160020","70114530",343,not_found
"BDS01160022","70114526",344,not_found
"BDS01160035","70114480",345,not_found
"BDS01160055","70114500",346,not_found
"BDS01160032","70114538",347,not_found
"BDS01160002","70114435",348,not_found
"BDS01160037","70114482",349,not_found
"BDS01160017","70114529",350,not_found
"BDS01160018","70114531",351,not_found
"BDS01160027","70114524",352,not_found
"BDS01160083","70115246",353,not_found
"BDS01160004","70114437",354,not_found
"BDS01160061","70114506",355,not_found
"BDS01160034","70114544",356,not_found
"BDS01160056","70114501",357,not_found
"BDS01160033","70114540",360,not_found
"BDS01160068","70114513",361,not_found
"BDS01160071","70114516",362,not_found
"BDS01160012","70114539",363,not_found
"BDS01160010","70114542",364,not_found
"BDS01160015","70114523",365,not_found
"BDS01160067","70114512",366,not_found
"BDS01160041","70114486",367,not_found
"BDS01160063","70114508",368,not_found
"BDS01160075","70114390",369,not_found
"BDS01160006","70114439",370,not_found
"BDS01160025","70114519",371,not_found
"BDS01160047","70114492",372,not_found
"BDS01160079","70114284",373,not_found
"BDS01160084","70115243",374,not_found
"BDS01160054","70114499",375,not_found
"BDS01130024","70021104",376,not_found
"BDS01120045","70024886",377,not_found
"BDS02100027","70022702",378,not_found
"BDS01150034","70039938",379,not_found
"BDS01150025","70039088",380,not_found
"BDS01150046","70042859",381,not_found
"BDS01150062","70039824",386,not_found
"BDS01150075","70039266",387,not_found
"BDS01150066","70039193",391,not_found
"BDS01150052","70042065",394,not_found
"BDS01150070","70040134",395,not_found
"BDS01150028","70042549",396,not_found
"BDS01150037","70042818",398,not_found
"BDS01150079","70043482",401,not_found
"BDS01150076","70039347",403,not_found
"BDS01150071","70041701",406,not_found
"BDS01150068","70039618",408,not_found
"BDS01150065","70038061",411,not_found
"BDS01150058","70038065",417,not_found
"BDS01150033","70038936",439,not_found
"BDS01150029","70042093",442,not_found
"BDS01150023","70040244",447,not_found
"BDS01150019","70038242",450,not_found
"BDS01150017","70042220",451,not_found
"BDS01150011","70038457",457,not_found
"BDS01150004","70038644",462,not_found
"BDS01150003","70041699",463,not_found
"BDS01150002","70039366",464,not_found
"BDS01140077","70031805",465,not_found
"BDS01140076","70037207",466,not_found
"BDS01140074","70031739",467,not_found
"BDS01140072","70033391",468,not_found
"BDS01140070","70031897",470,not_found
"BDS01140069","70031521",471,not_found
"BDS01140068","70036774",472,not_found
"BDS01140065","70033444",473,not_found
"BDS01140064","70033464",474,not_found
"BDS01140063","70032043",475,not_found
"BDS01140062","70034919",476,not_found
"BDS01140061","70033120",477,not_found
"BDS01140060","70034189",478,not_found
"BDS01140059","70035849",479,not_found
"BDS01140058","70032952",480,not_found
"BDS01140057","70036655",481,not_found
"BDS01140056","70033067",482,not_found
"BDS01140055","70032389",483,not_found
"BDS01140054","70035750",484,not_found
"BDS01140052","70035601",486,not_found
"BDS01140051","70034229",487,not_found
"BDS01140050","70035738",488,not_found
"BDS01140048","70033708",490,not_found
"BDS01140047","70031831",491,not_found
"BDS01140046","70033260",492,not_found
"BDS01140044","70035128",493,not_found
"BDS01140043","70032973",494,not_found
"BDS01140042","70032111",495,not_found
"BDS01140041","70034301",496,not_found
"BDS01140040","70037246",497,not_found
"BDS01140039","70034655",498,not_found
"BDS01140038","70036452",499,not_found
"BDS01140037","70034136",500,not_found
"BDS01140034","70031685",502,not_found
"BDS01140033","70035332",503,not_found
"BDS01140032","70033782",504,not_found
"BDS01140031","70033527",505,not_found
"BDS01140030","70033762",506,not_found
"BDS01140029","70032716",507,not_found
"BDS01140028","70032939",508,not_found
"BDS01140027","70032039",509,not_found
"BDS01140025","70034801",510,not_found
"BDS01140024","70032503",511,not_found
"BDS01140022","70035900",513,not_found
"BDS01140021","70036556",514,not_found
"BDS01140019","70036858",515,not_found
"BDS01140018","70035468",516,not_found
"BDS01140017","70032450",517,not_found
"BDS01140016","70035358",518,not_found
"BDS01140015","70034365",519,not_found
"BDS01140014","70035368",520,not_found
"BDS01140012","70031592",521,not_found
"BDS01140010","70033110",522,not_found
"BDS01140008","70036704",523,not_found
"BDS01140007","70034471",524,not_found
"BDS01140006","70032832",525,not_found
"BDS01140005","70032366",526,not_found
"BDS01140004","70035664",527,not_found
"BDS01140002","70031728",529,not_found
"BDS01140001","70036836",530,not_found
"BDS01130081","70019507",531,not_found
"BDS01130080","70021892",532,not_found
"BDS01130079","70022083",533,not_found
"BDS01130078","70028518",534,not_found
"BDS01130077","70025660",535,not_found
"BDS01130076","70022964",536,not_found
"BDS01130075","70022695",537,not_found
"BDS01130074","70030687",538,not_found
"BDS01130073","70026030",539,not_found
"BDS01130072","70020450",540,not_found
"BDS01130071","70029610",541,not_found
"BDS01130070","70029906",542,not_found
"BDS01130069","70027951",543,not_found
"BDS01130068","70028344",544,not_found
"BDS01130066","70028095",545,not_found
"BDS01130065","70020647",546,not_found
"BDS01130064","70021999",547,not_found
"BDS01130063","70028038",548,not_found
"BDS01130062","70021107",549,not_found
"BDS01130061","70029676",550,not_found
"BDS01130060","70020675",551,not_found
"BDS01130059","70028635",552,not_found
"BDS01130058","70021118",553,not_found
"BDS01130057","70024383",554,not_found
"BDS01130056","70024506",555,not_found
"BDS01130055","70018397",556,not_found
"BDS01130054","70028532",557,not_found
"BDS01130053","70031018",558,not_found
"BDS01130052","70024599",559,not_found
"BDS01130051","70019001",560,not_found
"BDS01130050","70024813",561,not_found
"BDS01130049","70019818",562,not_found
"BDS01130048","70029034",563,not_found
"BDS01130047","70021624",564,not_found
"BDS01130046","70025552",565,not_found
"BDS01130044","70030478",567,not_found
"BDS01130043","70022401",568,not_found
"BDS01130042","70028202",569,not_found
"BDS01130041","70020069",570,not_found
"BDS01130040","70030686",571,not_found
"BDS01130039","70030301",572,not_found
"BDS01130038","70024393",573,not_found
"BDS01130037","70027640",574,not_found
"BDS01130036","70029775",575,not_found
"BDS01130035","70019576",576,not_found
"BDS01130034","70027418",577,not_found
"BDS01130032","70018637",578,not_found
"BDS01130031","70025347",579,not_found
"BDS01130030","70028277",580,not_found
"BDS01130029","70024174",581,not_found
"BDS01130028","70024929",582,not_found
"BDS01130027","70020103",583,not_found
"BDS01130026","70018843",584,not_found
"BDS01130025","70023571",585,not_found
"BDS01130023","70025199",587,not_found
"BDS01130022","70023520",588,not_found
"BDS01130021","70025012",589,not_found
"BDS01130020","70025821",590,not_found
"BDS01130019","70022351",591,not_found
"BDS01130018","70026169",592,not_found
"BDS01130017","70028247",593,not_found
"BDS01130016","70026655",594,not_found
"BDS01130015","70028714",595,not_found
"BDS01130014","70023745",596,not_found
"BDS01130013","70030221",597,not_found
"BDS01130012","70023005",598,not_found
"BDS01130010","70018779",599,not_found
"BDS01130009","70021304",600,not_found
"BDS01130008","70018729",601,not_found
"BDS01130007","70018468",602,not_found
"BDS01130006","70025513",603,not_found
"BDS01130005","70025257",604,not_found
"BDS01130004","70027906",605,not_found
"BDS01130003","70026516",606,not_found
"BDS01130002","70026297",607,not_found
"BDS01120083","70023080",608,not_found
"BDS01120080","70022283",609,not_found
"BDS01120079","70030311",610,not_found
"BDS01120077","70018781",611,not_found
"BDS01120075","70018668",612,not_found
"BDS01120074","70030400",613,not_found
"BDS01120073","70022723",614,not_found
"BDS01120072","70020812",615,not_found
"BDS01120071","70031496",616,not_found
"BDS01120070","70027694",617,not_found
"BDS01120069","70025659",618,not_found
"BDS01120068","70028940",619,not_found
"BDS01120066","70028525",621,not_found
"BDS01120063","70030433",622,not_found
"BDS01120062","70029334",623,not_found
"BDS01120061","70027129",624,not_found
"BDS01120059","70030743",625,not_found
"BDS01120058","70029082",626,not_found
"BDS01120057","70024348",627,not_found
"BDS01120056","70025937",628,not_found
"BDS01120055","70024849",629,not_found
"BDS01120054","70029644",630,not_found
"BDS01120051","70024439",631,not_found
"BDS01120050","70019104",632,not_found
"BDS01120049","70024123",633,not_found
"BDS01120048","70019620",634,not_found
"BDS01120044","70029395",637,not_found
"BDS01120043","70023218",638,not_found
"BDS01120042","70026654",639,not_found
"BDS01120041","70026412",640,not_found
"BDS01120039","70027106",641,not_found
"BDS01120038","70031142",642,not_found
"BDS01120037","70023730",643,not_found
"BDS01120036","70020834",644,not_found
"BDS01120035","70030576",645,not_found
"BDS01120034","70025803",646,not_found
"BDS01120033","70025334",647,not_found
"BDS01120031","70028948",648,not_found
"BDS01120030","70028759",649,not_found
"BDS01120029","70020606",650,not_found
"BDS01120028","70025916",651,not_found
"BDS01120027","70020850",652,not_found
"BDS01120026","70029590",653,not_found
"BDS01120025","70022760",654,not_found
"BDS01120024","70027554",655,not_found
"BDS01120023","70030455",656,not_found
"BDS01120021","70027227",657,not_found
"BDS01120020","70030287",658,not_found
"BDS01120019","70030807",659,not_found
"BDS01120018","70019188",660,not_found
"BDS01120017","70028707",661,not_found
"BDS01120014","70022220",662,not_found
"BDS01120013","70023769",663,not_found
"BDS01120011","70026881",664,not_found
"BDS01120010","70027978",665,not_found
"BDS01120009","70023296",666,not_found
"BDS01120008","70026977",667,not_found
"BDS01120007","70027253",668,not_found
"BDS01120005","70031053",669,not_found
"BDS01120004","70019187",670,not_found
"BDS01120003","70028049",671,not_found
"BDS01120002","70029117",672,not_found
"BDS01120001","70023685",673,not_found
"BDS01110089","70031022",675,not_found
"BDS01110088","70028868",676,not_found
"BDS01110085","70024911",677,not_found
"BDS01110084","70019435",678,not_found
"BDS01110083","70028146",679,not_found
"BDS01110082","70023300",680,not_found
"BDS01110081","70025341",681,not_found
"BDS01110080","70021791",682,not_found
"BDS01110079","70025961",683,not_found
"BDS01110078","70020355",684,not_found
"BDS01110076","70029888",685,not_found
"BDS01110075","70020162",686,not_found
"BDS01110074","70026732",687,not_found
"BDS01110073","70031225",688,not_found
"BDS01110072","70024642",689,not_found
"BDS01110071","70026424",690,not_found
"BDS01110070","70024910",691,not_found
"BDS01110069","70024140",692,not_found
"BDS01110068","70023059",693,not_found
"BDS01110067","70018756",694,not_found
"BDS01110066","70030762",695,not_found
"BDS01110063","70029510",696,not_found
"BDS01110061","70027730",697,not_found
"BDS01110060","70030988",698,not_found
"BDS01110058","70018784",699,not_found
"BDS01110056","70031237",700,not_found
"BDS01110055","70028645",701,not_found
"BDS01110053","70023387",702,not_found
"BDS01110051","70025330",703,not_found
"BDS01110050","70027161",704,not_found
"BDS01110049","70025793",705,not_found
"BDS01110048","70026624",706,not_found
"BDS01110047","70026641",707,not_found
"BDS01110046","70027073",708,not_found
"BDS01110045","70031326",709,not_found
"BDS01110044","70025790",710,not_found
"BDS01110043","70029825",711,not_found
"BDS01110042","70029258",712,not_found
"BDS01110041","70019857",713,not_found
"BDS01110040","70026061",714,not_found
"BDS01110038","70018404",715,not_found
"BDS01110037","70024541",716,not_found
"BDS01110036","70027511",717,not_found
"BDS01110035","70019847",718,not_found
"BDS01110034","70026832",719,not_found
"BDS01110033","70019396",720,not_found
"BDS01110032","70029726",721,not_found
"BDS01110031","70028473",722,not_found
"BDS01110030","70022422",723,not_found
"BDS01110027","70029100",724,not_found
"BDS01110026","70030026",725,not_found
"BDS01110025","70024948",726,not_found
"BDS01110023","70025113",727,not_found
"BDS01110022","70028880",728,not_found
"BDS01110021","70025917",729,not_found
"BDS01110020","70018431",730,not_found
"BDS01110018","70029245",731,not_found
"BDS01110016","70024894",732,not_found
"BDS01110014","70027519",733,not_found
"BDS01110013","70024125",734,not_found
"BDS01110012","70022211",735,not_found
"BDS01110011","70029853",736,not_found
"BDS01110010","70027327",737,not_found
"BDS01110009","70030307",738,not_found
"BDS01110008","70025975",739,not_found
"BDS01110007","70023860",740,not_found
"BDS01110006","70026303",741,not_found
"BDS01110005","70022377",742,not_found
"BDS01110004","70026036",743,not_found
"BDS01110002","70030312",744,not_found
"BDS01110001","70022696",745,not_found
"BDS02100092","70010170",746,not_found
"BDS02100091","70008997",747,not_found
"BDS02100090","70027982",748,not_found
"BDS02100087","70010396",749,not_found
"BDS02100084","70007432",750,not_found
"BDS02100083","70009988",751,not_found
"BDS02100081","70030057",752,not_found
"BDS02100080","70026115",753,not_found
"BDS02100077","70009800",754,not_found
"BDS02100075","70007918",755,not_found
"BDS02100073","70008938",756,not_found
"BDS02100072","70008860",757,not_found
"BDS02100071","70047268",758,not_found
"BDS02100069","70007112",759,not_found
"BDS02100067","70007985",760,not_found
"BDS02100065","70028729",761,not_found
"BDS02100063","70031130",762,not_found
"BDS02100062","70010022",763,not_found
"BDS02100061","70002821",764,not_found
"BDS02100060","70009089",765,not_found
"BDS02100058","70008552",766,not_found
"BDS02100057","70004648",767,not_found
"BDS02100056","70006960",768,not_found
"BDS02100054","70009992",769,not_found
"BDS02100053","70010219",770,not_found
"BDS02100049","70047800",771,not_found
"BDS02100044","70027199",773,not_found
"BDS02100043","70010760",774,not_found
"BDS02100042","70022883",775,not_found
"BDS02100041","70030464",776,not_found
"BDS02100039","70008707",777,not_found
"BDS02100037","70027985",778,not_found
"BDS02100036","70023168",779,not_found
"BDS02100035","70018943",780,not_found
"BDS02100034","70008708",781,not_found
"BDS02100033","70009599",782,not_found
"BDS02100031","70007612",783,not_found
"BDS02100030","70008664",784,not_found
"BDS02100026","70009361",786,not_found
"BDS02100024","70007881",787,not_found
"BDS02100023","70020251",788,not_found
"BDS02100022","70008483",789,not_found
"BDS02100018","70026813",790,not_found
"BDS02100014","70007865",791,not_found
"BDS02100013","70047933",792,not_found
"BDS02100011","70031295",793,not_found
"BDS02100009","70007038",794,not_found
"BDS02100008","70009240",795,not_found
"BDS02100007","70031501",796,not_found
"BDS02100006","70008784",797,not_found
"BDS02100004","70009522",798,not_found
"BDS02100003","70007754",799,not_found
"DBS01093059","70001493",800,not_found
"DBS01093047","70001693",801,not_found
"BDS01093061","70049459",802,not_found
"BDS01093060","70046811",803,not_found
"BDS01093058","70002904",804,not_found
"BDS01093057","70002726",805,not_found
"BDS01093056","70007580",806,not_found
"BDS01093055","70008747",807,not_found
"BDS01093054","70047011",808,not_found
"BDS01093053","70045410",809,not_found
"BDS01093052","70003788",810,not_found
"BDS01093051","70028856",811,not_found
"BDS01093050","70008247",812,not_found
"BDS01093049","70004329",813,not_found
"BDS01093048","70009136",814,not_found
"BDS01093046","70006209",815,not_found
"BDS01093045","70048150",816,not_found
"BDS01093042","70045191",817,not_found
"BDS01093041","70045145",818,not_found
"BDS01093038","70045809",819,not_found
"BDS01093036","70004711",820,not_found
"BDS01093035","70045983",821,not_found
"BDS01093030","70006280",822,not_found
"BDS01093029","70021291",823,not_found
"BDS01093028","70049086",824,not_found
"BDS01093027","70047791",825,not_found
"BDS01093026","70005014",826,not_found
"BDS01093025","70009187",827,not_found
"BDS01093024","70048923",828,not_found
"BDS01093023","70005760",829,not_found
"BDS01093022","70023529",830,not_found
"BDS01093021","70006205",831,not_found
"BDS01093020","70045927",832,not_found
"BDS01093019","70010325",833,not_found
"BDS01093018","70045230",834,not_found
"BDS01093017","70009016",835,not_found
"BDS01093015","70048119",836,not_found
"BDS01093014","70003693",837,not_found
"BDS01093013","70006922",838,not_found
"BDS01093012","70008753",839,not_found
"BDS01093011","70004588",840,not_found
"BDS01093010","70008195",841,not_found
"BDS01093009","70008920",842,not_found
"BDS01093008","70008876",843,not_found
"BDS01093007","70029821",844,not_found
"BDS01093006","70008151",845,not_found
"BDS01093005","70046598",846,not_found
"BDS01093004","70008985",847,not_found
"BDS01093003","70010093",848,not_found
"BDS01093002","70009822",849,not_found
"BDS01093001","70006098",850,not_found
"BDS01083051","70010890",851,not_found
"BDS01083050","70010873",852,not_found
"BDS01083049","70045186",853,not_found
"BDS01083048","70009441",854,not_found
"BDS01083047","70010852",855,not_found
"BDS01083046","70010910",856,not_found
"BDS01083045","70010518",857,not_found
"BDS01083044","70010500",858,not_found
"BDS01083042","70010918",859,not_found
"BDS01083040","70010907",860,not_found
"BDS01083039","70010888",861,not_found
"BDS01083038","70010870",862,not_found
"BDS01083037","70010871",863,not_found
"BDS01083036","70010908",864,not_found
"BDS01083035","70010904",865,not_found
"BDS01083034","70009517",866,not_found
"BDS01083033","70007262",867,not_found
"BDS01083032","70010913",868,not_found
"BDS01083031","70006705",869,not_found
"BDS01083030","70048829",870,not_found
"BDS01083029","70046627",871,not_found
"BDS01083028","70047651",872,not_found
"BDS01083027","70046428",873,not_found
"BDS01083026","70010905",874,not_found
"BDS01083025","70008058",875,not_found
"BDS01083024","70048633",876,not_found
"BDS01083023","70048414",877,not_found
"BDS01083022","70045136",878,not_found
"BDS01083021","70010868",879,not_found
"BDS01083020","70009480",880,not_found
"BDS01083019","70006926",881,not_found
"BDS01083018","70007579",882,not_found
"BDS01083017","70006007",883,not_found
"BDS01083015","70008407",884,not_found
"BDS01083013","70008694",885,not_found
"BDS01083012","70009458",886,not_found
"BDS01083010","70048201",887,not_found
"BDS01083009","70007136",888,not_found
"BDS01083008","70046994",889,not_found
"BDS01083007","70007198",890,not_found
"BDS01083006","70008534",891,not_found
"BDS01083005","70010883",892,not_found
"BDS01083004","70010389",893,not_found
"BDS01083003","70045394",894,not_found
"BDS01083002","70004256",895,not_found
"BDS01083001","70010828",896,not_found
"D5107","70045788",897,not_found
"D5007","70006626",898,not_found
"D4907","70006900",899,not_found
"D4807","70007338",900,not_found
"D4707","70005057",901,not_found
"D4607","70008695",902,not_found
"D4507","70010462",903,not_found
"D4407","70003677",904,not_found
"D4307","70003950",905,not_found
"D4207","70006916",906,not_found
"D4107","70006796",907,not_found
"D4007","70006893",908,not_found
"D3907","70009510",909,not_found
"D3807","70008546",910,not_found
"D3707","70045796",911,not_found
"D3607","70006322",912,not_found
"D3507","70004189",913,not_found
"D3407","70009421",914,not_found
"D3307","70010112",915,not_found
"D3207","70010336",916,not_found
"D3107","70003207",917,not_found
"D2907","70006830",918,not_found
"D2807","70005088",919,not_found
"D2707","70009631",920,not_found
"D2607","70008898",921,not_found
"D2507","70005278",922,not_found
"D2407","70009819",923,not_found
"D2307","70048542",924,not_found
"D2207","70008486",925,not_found
"D2107","70047722",926,not_found
"D2007","70008521",927,not_found
"D1907","70009951",928,not_found
"D1807","70007707",929,not_found
"D1707","70010709",930,not_found
"D1607","70009084",931,not_found
"D1507","70008345",932,not_found
"D1407","70008303",933,not_found
"D1307","70009809",934,not_found
"D1207","70010700",935,not_found
"D1107","70046458",936,not_found
"D1007","70007749",937,not_found
"D0907","70006790",938,not_found
"D0807","70045437",939,not_found
"D0707","70009124",940,not_found
"D0507","70046815",942,not_found
"D0407","70004085",943,not_found
"D0307","70007451",944,not_found
"D0207","70045688",945,not_found
"D0107","70009943",946,not_found
"D5106","70047765",947,not_found
"D5006","70008180",948,not_found
"D4906","70007543",949,not_found
"D4806","70008404",950,not_found
"D4606","70007440",951,not_found
"D4506","70010237",952,not_found
"D4406","70009470",953,not_found
"D4306","70009416",954,not_found
"D4206","70007205",955,not_found
"D4106","70004050",956,not_found
"D4006","70009271",957,not_found
"D3906","70007224",958,not_found
"D3806","70009370",959,not_found
"D3706","70045512",960,not_found
"D3606","70009491",961,not_found
"D3506","70006835",962,not_found
"D3406","70008379",963,not_found
"D3306","70006897",964,not_found
"D3206","70008605",965,not_found
"D3106","70009483",966,not_found
"D3006","70006989",967,not_found
"D2906","70047774",968,not_found
"D2806","70009899",969,not_found
"D2706","70007386",970,not_found
"D2606","70008253",971,not_found
"D2406","70002917",972,not_found
"D2306","70047085",973,not_found
"D2206","70010611",974,not_found
"D1906","70010693",975,not_found
"D1806","70007434",976,not_found
"D1706","70010718",977,not_found
"D1606","70010050",978,not_found
"D1506","70009461",979,not_found
"D1406","70007007",980,not_found
"D1306","70008750",981,not_found
"D1206","70007216",982,not_found
"D1106","70007052",983,not_found
"D1006","70007674",984,not_found
"D0906","70006678",985,not_found
"D0806","70008537",986,not_found
"D0706","70009607",987,not_found
"D0406","70008051",988,not_found
"D0306","70008538",989,not_found
"D0206","70007312",990,not_found
"D0106","70010392",991,not_found
"D2305","70007469",992,not_found
"D2205","70007597",993,not_found
"D2105","70008171",994,not_found
"D2005","70008752",995,not_found
"D1905","70007255",996,not_found
"D1705","70006936",997,not_found
"D1605","70008030",998,not_found
"D1505","70007126",999,not_found
"D1205","70009801",1000,not_found
"D1105","70004413",1001,not_found
"D1005","70047398",1002,not_found
"D0905","70008015",1003,not_found
"D0805","70009685",1004,not_found
"D0605","70047351",1005,not_found
"D0505","70008179",1006,not_found
"D0405","70005463",1007,not_found
"D0305","70046866",1008,not_found
"D0205","70010151",1009,not_found
"D0105","70004640",1010,not_found
"D0604","70048065",1011,not_found
"D0504","70004541",1012,not_found
"D0304","70010193",1013,not_found
"D0204","70007724",1014,not_found
"D2303","70010228",1015,not_found
"D1503","70005623",1016,not_found
"D1403","70004921",1017,not_found
"D0403","70048513",1018,not_found
"D0303","70008476",1019,not_found
"D0203","70010376",1020,not_found
"D1202","70048846",1021,not_found
"D1102","70008381",1022,not_found
"D1002","70047098",1023,not_found
"D0902","70049442",1024,not_found
"D0502","70048219",1025,not_found
"D0202","70009704",1026,not_found
"BMS02083038","70010866",1027,not_found
"MME02220001","70170624",1028,not_found
"MME02220021","70170668",1029,not_found
"MME02220020","70170669",1030,not_found
"MME02220019","70170670",1031,not_found
"MME02220018","70170671",1032,not_found
"MME02220017","70170672",1033,not_found
"MME02220016","70170673",1034,not_found
"MME02220015","70170674",1035,not_found
"MME02220014","70170675",1036,not_found
"MME02220013","70170676",1037,not_found
"MME02220012","70170677",1038,not_found
"MME02220011","70170614",1039,not_found
"MME02220010","70170615",1040,not_found
"MME02220009","70170616",1041,not_found
"MME02220008","70170617",1042,not_found
"MME02220007","70170618",1043,not_found
"MME02220006","70170619",1044,not_found
"MME02220005","70170620",1045,not_found
"MME02220004","70170621",1046,not_found
"MME02220003","70170622",1047,not_found
"MME02210021","70170646",1048,not_found
"MME02210020","70170647",1049,not_found
"MME02210019","70170648",1050,not_found
"MME02210018","70170649",1051,not_found
"MME02210016","70170651",1053,not_found
"MME02210015","70170652",1054,not_found
"MME02210014","70170653",1055,not_found
"MME02210013","70170654",1056,not_found
"MME02210012","70170655",1057,not_found
"MME02210008","70170659",1061,not_found
"MME02210005","70170662",1064,not_found
"MME02190042","70115062",1069,not_found
"MME02190040","70114992",1070,not_found
"MME02190038","70114559",1071,not_found
"MME02190037","70114406",1072,not_found
"MME02190036","70114405",1073,not_found
"MME02190035","70115457",1074,not_found
"MME02190034","70114404",1075,not_found
"MME02190032","70115142",1077,not_found
"MME02190031","70115348",1078,not_found
"MME02190030","70115489",1079,not_found
"MME02190029","70114473",1080,not_found
"MME02190028","70114470",1081,not_found
"MME02190027","70114468",1082,not_found
"MME02190026","70114465",1083,not_found
"MME02190025","70114463",1084,not_found
"MME02190024","70114461",1085,not_found
"MME02190023","70114997",1086,not_found
"MME02190022","70114804",1087,not_found
"MME02190021","70114951",1088,not_found
"MME02190020","70114124",1089,not_found
"MME02190018","70114127",1091,not_found
"MME02190017","70114128",1092,not_found
"MME02190015","70114130",1094,not_found
"MME02190014","70114131",1095,not_found
"MME02190012","70114135",1097,not_found
"MME02190011","70114136",1098,not_found
"MME02190010","70114137",1099,not_found
"MME02190009","70114138",1100,not_found
"MME02190008","70114107",1101,not_found
"MME02190007","70114162",1102,not_found
"MME02190006","70114206",1103,not_found
"MME02190005","70114208",1104,not_found
"MME02190004","70114209",1105,not_found
"MME02190003","70114210",1106,not_found
"MME02190002","70114211",1107,not_found
"MME02190001","70114212",1108,not_found
"MME02170034","70115192",1110,not_found
"MME02170036","70114805",1111,not_found
"MME02170026","70115477",1112,not_found
"MME02170029","70115473",1113,not_found
"MME02170018","70114553",1114,not_found
"MME02170031","70115455",1115,not_found
"MME02170024","70114626",1116,not_found
"MME02170021","70114984",1117,not_found
"MME02170027","70114865",1118,not_found
"MME02170032","70114795",1120,not_found
"MME02170033","70114843",1121,not_found
"MME02170019","70114669",1122,not_found
"MME02170022","70114671",1123,not_found
"MME02170025","70115458",1124,not_found
"MME02170028","70114919",1125,not_found
"MME02170023","70115498",1126,not_found
"MME02170030","70115018",1127,not_found
"MME02170020","70115180",1128,not_found
"MME02170009","70114120",1134,not_found
"MME02170010","70114121",1138,not_found
"MME02170013","70114734",1140,not_found
"MME02170005","70114116",1141,not_found
"MME02170007","70114118",1143,not_found
"MME02170001","70114112",1144,not_found
"MME02170006","70114117",1145,not_found
"MME02170012","70115392",1147,not_found
"MME01140005","70036274",1191,not_found
"MME01140017","70035676",1192,not_found
"MME01140003","70033022",1193,not_found
"MME01140008","70034086",1195,not_found
"MME01140006","70035278",1197,not_found
"MME01140004","70034034",1198,not_found
"MME01140016","70033137",1201,not_found
"MME01140001","70034739",1202,not_found
"MME01140011","70033781",1203,not_found
"MME01140010","70036133",1205,not_found
"MME01130009","70018711",1206,not_found
"MME01130003","70028092",1207,not_found
"MME01130012","70028734",1208,not_found
"MME01130011","70025287",1209,not_found
"MME01130015","70023653",1210,not_found
"MME01130017","70030117",1211,not_found
"MME01130019","70027464",1212,not_found
"MME01120022","70028867",1213,not_found
"MME01131019","70025716",1214,not_found
"MME01131007","70020601",1215,not_found
"MME01131004","70020741",1216,not_found
"MME01130014","70021100",1217,not_found
"MME01130008","70031482",1218,not_found
"MME01130006","70019755",1219,not_found
"MME01130001","70028253",1220,not_found
"MME01131017","70018238",1221,not_found
"MME01130005","70023278",1222,not_found
"MME01120016","70023967",1223,not_found
"MME01120020","70029561",1224,not_found
"MME01120017","70025583",1225,not_found
"MME01120015","70022263",1226,not_found
"MME01120014","70019378",1227,not_found
"MME01120012","70026527",1229,not_found
"MME01120010","70026315",1231,not_found
"MME01120008","70031106",1233,not_found
"MME01120007","70023608",1234,not_found
"MME01120006","70028723",1235,not_found
"MME01120005","70024617",1236,not_found
"MME01120003","70020541",1237,not_found
"MME01120019","70020206",1238,not_found
"MME01120002","70019410",1239,not_found
"MME01120001","70019074",1240,not_found
"PBC02201010","70108484",1243,not_found
"BSME01193071","70100088",1246,not_found
"BSME01103211","70002696",1247,not_found
"bcs02141025","70032773",1248,not_found